First_name,Last_name,Email_address,Homephone,Street,City,State,Zipcode
SArah,Hankins,pinalevitsky@jumpstartlab.com,4145205000,2022 15th Street NW,Washington,DC,20009
Sarah,Xx,lqrm4462@jumpstartlab.com,9419792000,4175 3rd Street North,Saint Petersburg,FL,33703
Sarah,Cordova,tmai.202@jumpstartlab.com,4109639000,5430 Hesperus Drive,Columbia,MD,21044
Sarah,Irvine,wwoodruf@jumpstartlab.com,7704249000,6184 Windflower Drive,Powder Springs,GA,30127
Sarah,Hough,gi@jumpstartlab.com,2036506000,42c powder mill drive,stratford,CT,06614
Sarah,Geretz,ovdawaaa@jumpstartlab.com,8572311000,72 Triangle St. appt. 2,Amherst,MA,01002
Sarah,Sample,nqiza@jumpstartlab.com,5107086000,270 Rishell Drive,Oakland,CA,94619
Sarah,Gerow,xnb77@jumpstartlab.com,8137359000,2501 Black Horse Loop Apt 301C,Lutz,FL,33559
Sarah,Eden,cetephenson@jumpstartlab.com,8136798000,2501 Black Horse Loop Apt 301C,Lutz,FL,33559
Sarah,Riordan,ctuhspugha@jumpstartlab.com,7202058000,2814 Tennyson St.,Denver,CO,80212
Sarah,Gordon,cxcahdprice@jumpstartlab.com,4197373000,18476 County Road 15,Pioneer,OH,43554
Sarah,Johnston,gylaki@jumpstartlab.com,4157863000,221 Pine St,San Francisco,CA,94104
Sarah,Oddie,blhhhhhhhh@jumpstartlab.com,4157863000,221 pine st,san francisco,CA,94101
Sarah,Catlin,tlacyjamesrossi3@jumpstartlab.com,5029386000,114 N Galt Ave,Louisville,KY,40206
Sarah,Clatterbuck,dhchleith@jumpstartlab.com,8025401000,37 D Conger Ave,Burlington,VT,05401
Sarah,Dernoga,gkpaldin@jumpstartlab.com,2316707000,7473 Easy Street,Whitehall,MI,49461
Sarah,Ojeh,bfkelly@jumpstartlab.com,4104743000,8000 Boteler Lane Appt 248A,College Park,MD,20742
Sarah,Sparrow,jw9@jumpstartlab.com,9084187000,"",Hamilton,NY,13346
Sarah,Deutschmann,pooneil@jumpstartlab.com,6032752000,229 Main St.,"Keene, NH",NH,03435
Sarah,Alilionis,jhagamininj4@jumpstartlab.com,2032783000,21 Coolidge Street,Keene,NH,03431
Sarah,Meyer,ohhalaf@jumpstartlab.com,5612024000,4000 Central Florida Blvd,Orlando,FL,32816
SArah,Doe,dnary.franko@jumpstartlab.com,9043348000,12846 Lexington Summit St,Orlando,FL,32828
Sarah,Beck,fsong_moua@jumpstartlab.com,5624724000,4174 Manor Dr.,Lakewood,CA,92122
Sarah,Miner,kjlie.garrett@jumpstartlab.com,6465849000,505 ramapo valley rd,mahwah,NJ,07430
Sarah,Krumholz,wrokaranm@jumpstartlab.com,7244935000,241 Maltby Ave Apt: A,Slippery Rock,PA,16057
Sarah,Ogle,jkvan7@jumpstartlab.com,8604500000,31B Bellevue St.,Willimantic,CT,06226
Sarah,Hagan,pxazierm3090@jumpstartlab.com,2064847000,69 Brown Street,Providence,RI,02912
Sarah,Doe,vo_tigner@jumpstartlab.com,9084186000,28 Westhampton Way,University of Richmond,VA,23173
Sarah,Goblirsch,upeller@jumpstartlab.com,9564637000,1001 E. University Ave.,Georgetown,TX,78626
Sarah,Pickoff,jfacicot@jumpstartlab.com,9175664000,701 Warren Wilson Road,Swannanoa,NC,28778
Sarah,Brunton,vkrolyn@jumpstartlab.com,8028396000,10 Clarkson Ave.,Potsdam,NY,05669
Sarah,Xx,yqlaire@jumpstartlab.com,6073512000,b,b,MS,14850
Sarah,Haber,jllement@jumpstartlab.com,5863223000,x,x,MI,48208
Sarah,Poffenbarger,sschott@jumpstartlab.com,4195289000,40 Rowland Ave.,Delaware,OH,43015
Sarah,Hairabedian,ipssica.roberts@jumpstartlab.com,8102523000,111 No Road,Mount Pleasant,MI,48858
Sarah,Uhl,fxily.tsitrian@jumpstartlab.com,8102523000,111 No Road,MOunt Pleasant,MI,48858
Sarah,Rosenblad,ecngy@jumpstartlab.com,5414080000,22415 Calgary Drive,Bend,OR,97702
Sarah,Leonard,xgura.yin@jumpstartlab.com,6312758000,32 South Union St,Burlington,VT,05401
Sarah,Sankey,uxragoag@jumpstartlab.com,2159839000,12345 Frist Center,Princeton,NJ,08544
Sarah,Du,wtslaug06@jumpstartlab.com,5613589000,1G14H Jameson Hall,Ithaca,NY,14853
Sarah,Lichtenauer,goddagjm@jumpstartlab.com,3044122000,5037 West Pea Ridge Rd,Huntington,WV,25705
Sarah,Roffe,jsjenkin@jumpstartlab.com,8123454000,0615 SW Palatine Hill Rd,Portland,OR,97219
Sarah,Null,rcverburg@jumpstartlab.com,9086982000,MS 2361 4501 N. Charles St,Baltimore,MD,21210
Sarah,Morgan,qgrls1es@jumpstartlab.com,3015803000,"","","",00000
Sarah,Abreu,hrf001@jumpstartlab.com,2673422000,53 Shoemaker Drive,Fountainville,PA,18923
Sarah,Markus,fuo@jumpstartlab.com,8459887000,302 N. Craig St,Pittsburgh,PA,15213
Sarah,Gaber,nhmichae@jumpstartlab.com,9856308000,1645 Brightside Ln. Apt #217,Baton Rouge,LA,70820
Sarah,Bayer,jfshaw@jumpstartlab.com,3028587000,1501 Lakeside Dr,Lynchburg,VA,24501
Sarah,Waldman,cychelleighguillory@jumpstartlab.com,3016131000,x,x,MD,21216
Sarah,Hall,quarmas2@jumpstartlab.com,8603958000,4400 University Drive,Fairfax,VA,22030
Sarah,Schroder,il114706@jumpstartlab.com,8452249000,15437 Beachview Drive,Montclair,VA,22025
Sarah,Shaikh,idavis2@jumpstartlab.com,8655851000,ETSU Box 16272,Johnson City,TN,37614
Sarah,Wroblewski,stwoods@jumpstartlab.com,5615041000,101 Lakeview Avenue,Scarsdale,NY,10583
Sarah,Elles,gvwacoordinator@jumpstartlab.com,5712411000,null,null,VA,24060
Sarah,Liebst,ebtiburcio@jumpstartlab.com,6104629000,415 South st,Waltham,MA,02454
Sarah,Parulekar,ofods@jumpstartlab.com,5037525000,13939 Beech Ct,Portland,OR,97230
Sarah,Last Name,ldhnt@jumpstartlab.com,2483101000,Sweet Briar,Sweet Briar,VA,24595
Sarah,Belcher,bapooooooooooooohhhh@jumpstartlab.com,2023166000,4576 Middlebury College,Middlebury,VT,05753
Sarah,Budd,kierl@jumpstartlab.com,7183054000,6052 Mayflower Hill,Waterville,ME,04902
Sarah,Williams,dvjaff07@jumpstartlab.com,4436324000,14021 woodlings lane,reisterstown,MD,21136
Sarah,Brisbois,wqlee0808@jumpstartlab.com,4436324000,3043 Frisby St.,Baltimore,MD,21218
Sarah,Alderson,oe3887a@jumpstartlab.com,7194390000,2604 Maurice Ave.,Missoula,MT,59801
Sarah,Renner-Yeomans,sseldcf@jumpstartlab.com,8478044000,Holy Cross College 1 College Street,Worcester,MA,01610
Sarah,Robinson,alng30y@jumpstartlab.com,4123785000,700 Highland Ave Apt 114,Pittsburgh,PA,15208
Sarah,Beck,pmleindi@jumpstartlab.com,13045426000,2802 South Staunton Rd,Huntington,WV,25702
Sarah,Brown,emullensg@jumpstartlab.com,9148442000,1600 Grand Ave,St. Paul,MN,55105
Sarah,Gladwin,tmlion@jumpstartlab.com,7034386000,11100 Wildlife Center Dr,Reston,VA,20190
Sarah,Carter,kgete20c@jumpstartlab.com,7348877000,11100 Wildlife Center Dr,Reston,VA,20190
Sarah,Larson,ivath90b@jumpstartlab.com,9522501000,Box 0546 Gettysburg College,Gettysburg,PA,17325
Sarah,Ruud,lprissa.S.Knodel@jumpstartlab.com,6067480000,300 N. Broadway,Lexington,KY,40508
Sarah,Guethle,sdtie.knee@jumpstartlab.com,5186979000,950 Main ST. Box 1635,Worcester,MA,01610
Sarah,Wilburn,dqessearp@jumpstartlab.com,6129785000,1703 Lincoln St,Minneapolis,MN,55413
Sarah,B,ot1898a@jumpstartlab.com,2074854000,121 rooney lane,whitefield,ME,04353
Sarah,Hendler,hqiley@jumpstartlab.com,2318785000,11395 E. 46 Rd.,Cadillac,MI,49601
Sarah,Waickman,pvssino_a@jumpstartlab.com,6153306000,1538 Chestnut Street,Bowling Green,KY,42101
Sarah,Herring,ofairbushmancolby@jumpstartlab.com,6463399000,"Nason 205, 1999 Burdett Ave.",Troy,NY,12180
Sarah,Gosse,bsore@jumpstartlab.com,3042795000,7600 Flower Ave.,Takoma Park,MD,20912
Sarah,Arnold,yu319306@jumpstartlab.com,4436049000,OCMR 1984,oberlin,OH,44074
